O	18233	AGENT_RECV	slot=1	server_frame=18268	n_bytes=4	bytes=09,01,de,0d
O	18233	AGENT_SCHED_LOCAL	slot=1	vc_frame=18268	target_frame=18270	n_bytes=4	bytes=09,01,de,0d
O	18233	AGENT_RECV	slot=1	server_frame=18268	n_bytes=11	bytes=15,d4,06,fd,0b,00,00,e4..
O	18233	AGENT_SCHED_LOCAL	slot=1	vc_frame=18268	target_frame=18270	n_bytes=11	bytes=15,d4,06,fd,0b,00,00,e4..
O	18233	AGENT_RECV	slot=1	server_frame=18268	n_bytes=4	bytes=09,01,72,0d
O	18233	AGENT_SCHED_LOCAL	slot=1	vc_frame=18268	target_frame=18270	n_bytes=4	bytes=09,01,72,0d
O	18233	AGENT_RECV	slot=1	server_frame=18268	n_bytes=11	bytes=15,00,00,00,00,8a,0e,e4..
O	18233	AGENT_SCHED_LOCAL	slot=1	vc_frame=18268	target_frame=18270	n_bytes=11	bytes=15,00,00,00,00,8a,0e,e4..
O	18233	AGENT_RECV	slot=2	server_frame=18277	n_bytes=4	bytes=09,01,75,0d
O	18233	AGENT_SCHED_LOCAL	slot=2	vc_frame=18277	target_frame=18279	n_bytes=4	bytes=09,01,75,0d
O	18233	AGENT_RECV	slot=2	server_frame=18277	n_bytes=11	bytes=15,80,17,80,00,00,00,e4..
O	18233	AGENT_SCHED_LOCAL	slot=2	vc_frame=18277	target_frame=18279	n_bytes=11	bytes=15,80,17,80,00,00,00,e4..
O	18233	AGENT_RECV	slot=2	server_frame=18277	n_bytes=4	bytes=09,01,8e,0d
O	18233	AGENT_SCHED_LOCAL	slot=2	vc_frame=18277	target_frame=18279	n_bytes=4	bytes=09,01,8e,0d
O	18233	AGENT_RECV	slot=2	server_frame=18277	n_bytes=11	bytes=15,00,00,00,00,63,0e,e4..
O	18233	AGENT_SCHED_LOCAL	slot=2	vc_frame=18277	target_frame=18279	n_bytes=11	bytes=15,00,00,00,00,63,0e,e4..
O	18233	AGENT_RECV	slot=2	server_frame=18277	n_bytes=4	bytes=09,01,e7,0d
O	18233	AGENT_SCHED_LOCAL	slot=2	vc_frame=18277	target_frame=18279	n_bytes=4	bytes=09,01,e7,0d
O	18233	AGENT_RECV	slot=2	server_frame=18277	n_bytes=3	bytes=1f,07,00
O	18233	AGENT_SCHED_LOCAL	slot=2	vc_frame=18277	target_frame=18279	n_bytes=3	bytes=1f,07,00
O	18233	AGENT_RECV	slot=2	server_frame=18278	n_bytes=4	bytes=09,01,86,0d
O	18233	AGENT_SCHED_LOCAL	slot=2	vc_frame=18278	target_frame=18280	n_bytes=4	bytes=09,01,86,0d
O	18233	AGENT_RECV	slot=2	server_frame=18278	n_bytes=8	bytes=0c,1e,b9,00,56,00,7b,00
O	18233	AGENT_SCHED_LOCAL	slot=2	vc_frame=18278	target_frame=18280	n_bytes=8	bytes=0c,1e,b9,00,56,00,7b,00
O	18233	AGENT_RECV	slot=2	server_frame=18278	n_bytes=4	bytes=09,01,95,0d
O	18233	AGENT_SCHED_LOCAL	slot=2	vc_frame=18278	target_frame=18280	n_bytes=4	bytes=09,01,95,0d
O	18233	AGENT_RECV	slot=2	server_frame=18278	n_bytes=11	bytes=15,00,00,00,00,b0,0d,e4..
O	18233	AGENT_SCHED_LOCAL	slot=2	vc_frame=18278	target_frame=18280	n_bytes=11	bytes=15,00,00,00,00,b0,0d,e4..
O	18233	AGENT_RECV	slot=2	server_frame=18278	n_bytes=4	bytes=09,01,e6,0d
O	18233	AGENT_SCHED_LOCAL	slot=2	vc_frame=18278	target_frame=18280	n_bytes=4	bytes=09,01,e6,0d
O	18233	AGENT_RECV	slot=2	server_frame=18278	n_bytes=11	bytes=15,00,00,00,00,e6,0d,e4..
O	18233	AGENT_SCHED_LOCAL	slot=2	vc_frame=18278	target_frame=18280	n_bytes=11	bytes=15,00,00,00,00,e6,0d,e4..
O	18233	AGENT_RECV	slot=2	server_frame=18278	n_bytes=4	bytes=09,01,91,15
O	18233	AGENT_SCHED_LOCAL	slot=2	vc_frame=18278	target_frame=18280	n_bytes=4	bytes=09,01,91,15
O	18233	AGENT_RECV	slot=2	server_frame=18278	n_bytes=11	bytes=15,00,00,00,00,d4,0d,e4..
O	18233	AGENT_SCHED_LOCAL	slot=2	vc_frame=18278	target_frame=18280	n_bytes=11	bytes=15,00,00,00,00,d4,0d,e4..
O	18233	AGENT_RECV	slot=5	server_frame=18330	n_bytes=4	bytes=09,01,94,0d
O	18233	AGENT_SCHED_LOCAL	slot=5	vc_frame=18330	target_frame=18332	n_bytes=4	bytes=09,01,94,0d
O	18233	AGENT_RECV	slot=5	server_frame=18330	n_bytes=11	bytes=15,b6,02,c0,17,00,00,e4..
O	18233	AGENT_SCHED_LOCAL	slot=5	vc_frame=18330	target_frame=18332	n_bytes=11	bytes=15,b6,02,c0,17,00,00,e4..
O	18233	AGENT_RECV	slot=5	server_frame=18330	n_bytes=4	bytes=09,01,74,0d
O	18233	AGENT_SCHED_LOCAL	slot=5	vc_frame=18330	target_frame=18332	n_bytes=4	bytes=09,01,74,0d
O	18233	AGENT_RECV	slot=5	server_frame=18330	n_bytes=11	bytes=15,00,00,00,00,39,0e,e4..
O	18233	AGENT_SCHED_LOCAL	slot=5	vc_frame=18330	target_frame=18332	n_bytes=11	bytes=15,00,00,00,00,39,0e,e4..
O	18233	AGENT_RECV	slot=0	server_frame=18332	n_bytes=4	bytes=09,01,c5,15
O	18233	AGENT_SCHED_LOCAL	slot=0	vc_frame=18332	target_frame=18334	n_bytes=4	bytes=09,01,c5,15
O	18233	AGENT_RECV	slot=0	server_frame=18332	n_bytes=11	bytes=15,00,00,00,00,7a,0e,e4..
O	18233	AGENT_SCHED_LOCAL	slot=0	vc_frame=18332	target_frame=18334	n_bytes=11	bytes=15,00,00,00,00,7a,0e,e4..
O	18233	AGENT_RECV	slot=0	server_frame=18332	n_bytes=4	bytes=09,01,c9,15
O	18233	AGENT_SCHED_LOCAL	slot=0	vc_frame=18332	target_frame=18334	n_bytes=4	bytes=09,01,c9,15
O	18233	AGENT_RECV	slot=0	server_frame=18332	n_bytes=11	bytes=15,00,00,00,00,7a,0e,e4..
O	18233	AGENT_SCHED_LOCAL	slot=0	vc_frame=18332	target_frame=18334	n_bytes=11	bytes=15,00,00,00,00,7a,0e,e4..
O	18233	AGENT_RECV	slot=0	server_frame=18333	n_bytes=4	bytes=09,01,7f,0d
O	18233	AGENT_SCHED_LOCAL	slot=0	vc_frame=18333	target_frame=18335	n_bytes=4	bytes=09,01,7f,0d
O	18233	AGENT_RECV	slot=0	server_frame=18333	n_bytes=8	bytes=0c,1f,4d,00,58,00,9c,00
O	18233	AGENT_SCHED_LOCAL	slot=0	vc_frame=18333	target_frame=18335	n_bytes=8	bytes=0c,1f,4d,00,58,00,9c,00
O	18233	AGENT_RECV	slot=0	server_frame=18333	n_bytes=4	bytes=09,01,78,0d
O	18233	AGENT_SCHED_LOCAL	slot=0	vc_frame=18333	target_frame=18335	n_bytes=4	bytes=09,01,78,0d
O	18233	AGENT_RECV	slot=0	server_frame=18333	n_bytes=11	bytes=15,00,00,00,00,e6,0d,e4..
O	18233	AGENT_SCHED_LOCAL	slot=0	vc_frame=18333	target_frame=18335	n_bytes=11	bytes=15,00,00,00,00,e6,0d,e4..
O	18233	AGENT_RECV	slot=0	server_frame=18333	n_bytes=4	bytes=09,01,7c,0d
O	18233	AGENT_SCHED_LOCAL	slot=0	vc_frame=18333	target_frame=18335	n_bytes=4	bytes=09,01,7c,0d
O	18233	AGENT_RECV	slot=0	server_frame=18333	n_bytes=11	bytes=15,00,00,00,00,e6,0d,e4..
O	18233	AGENT_SCHED_LOCAL	slot=0	vc_frame=18333	target_frame=18335	n_bytes=11	bytes=15,00,00,00,00,e6,0d,e4..
O	18233	AGENT_RECV	slot=0	server_frame=18333	n_bytes=4	bytes=09,01,85,0d
O	18233	AGENT_SCHED_LOCAL	slot=0	vc_frame=18333	target_frame=18335	n_bytes=4	bytes=09,01,85,0d
O	18233	AGENT_RECV	slot=0	server_frame=18333	n_bytes=11	bytes=15,00,00,00,00,e6,0d,e4..
O	18233	AGENT_SCHED_LOCAL	slot=0	vc_frame=18333	target_frame=18335	n_bytes=11	bytes=15,00,00,00,00,e6,0d,e4..
O	18233	AGENT_RECV	slot=0	server_frame=18333	n_bytes=4	bytes=09,01,a5,15
O	18233	AGENT_SCHED_LOCAL	slot=0	vc_frame=18333	target_frame=18335	n_bytes=4	bytes=09,01,a5,15
O	18233	AGENT_RECV	slot=0	server_frame=18333	n_bytes=11	bytes=15,00,00,00,00,e6,0d,e4..
O	18233	AGENT_SCHED_LOCAL	slot=0	vc_frame=18333	target_frame=18335	n_bytes=11	bytes=15,00,00,00,00,e6,0d,e4..
O	18233	AGENT_RECV	slot=1	server_frame=18369	n_bytes=4	bytes=09,01,72,0d
O	18233	AGENT_SCHED_LOCAL	slot=1	vc_frame=18369	target_frame=18371	n_bytes=4	bytes=09,01,72,0d
O	18233	AGENT_RECV	slot=1	server_frame=18369	n_bytes=11	bytes=15,00,00,00,00,8a,0e,e4..
O	18233	AGENT_SCHED_LOCAL	slot=1	vc_frame=18369	target_frame=18371	n_bytes=11	bytes=15,00,00,00,00,8a,0e,e4..
O	18233	AGENT_RECV	slot=2	server_frame=18379	n_bytes=4	bytes=09,01,71,0d
O	18233	AGENT_SCHED_LOCAL	slot=2	vc_frame=18379	target_frame=18381	n_bytes=4	bytes=09,01,71,0d
O	18233	AGENT_RECV	slot=2	server_frame=18379	n_bytes=11	bytes=15,00,00,00,00,58,0e,e4..
O	18233	AGENT_SCHED_LOCAL	slot=2	vc_frame=18379	target_frame=18381	n_bytes=11	bytes=15,00,00,00,00,58,0e,e4..
O	18233	AGENT_RECV	slot=2	server_frame=18379	n_bytes=4	bytes=09,01,e7,0d
O	18233	AGENT_SCHED_LOCAL	slot=2	vc_frame=18379	target_frame=18381	n_bytes=4	bytes=09,01,e7,0d
O	18233	AGENT_RECV	slot=2	server_frame=18379	n_bytes=3	bytes=1f,07,00
O	18233	AGENT_SCHED_LOCAL	slot=2	vc_frame=18379	target_frame=18381	n_bytes=3	bytes=1f,07,00
O	18233	AGENT_RECV	slot=2	server_frame=18379	n_bytes=4	bytes=09,01,88,0d
O	18233	AGENT_SCHED_LOCAL	slot=2	vc_frame=18379	target_frame=18381	n_bytes=4	bytes=09,01,88,0d
O	18233	AGENT_RECV	slot=2	server_frame=18379	n_bytes=3	bytes=1f,20,00
O	18233	AGENT_SCHED_LOCAL	slot=2	vc_frame=18379	target_frame=18381	n_bytes=3	bytes=1f,20,00
O	18233	AGENT_RECV	slot=2	server_frame=18379	n_bytes=4	bytes=09,01,88,0d
O	18233	AGENT_SCHED_LOCAL	slot=2	vc_frame=18379	target_frame=18381	n_bytes=4	bytes=09,01,88,0d
O	18233	AGENT_RECV	slot=2	server_frame=18379	n_bytes=3	bytes=1f,22,00
O	18233	AGENT_SCHED_LOCAL	slot=2	vc_frame=18379	target_frame=18381	n_bytes=3	bytes=1f,22,00
O	18233	AGENT_RECV	slot=2	server_frame=18379	n_bytes=4	bytes=09,01,88,0d
O	18233	AGENT_SCHED_LOCAL	slot=2	vc_frame=18379	target_frame=18381	n_bytes=4	bytes=09,01,88,0d
O	18233	AGENT_RECV	slot=2	server_frame=18379	n_bytes=3	bytes=1f,01,00
O	18233	AGENT_SCHED_LOCAL	slot=2	vc_frame=18379	target_frame=18381	n_bytes=3	bytes=1f,01,00
O	18233	AGENT_RECV	slot=2	server_frame=18379	n_bytes=4	bytes=09,01,b0,0d
O	18233	AGENT_SCHED_LOCAL	slot=2	vc_frame=18379	target_frame=18381	n_bytes=4	bytes=09,01,b0,0d
O	18233	AGENT_RECV	slot=2	server_frame=18379	n_bytes=11	bytes=15,00,00,00,00,b0,0d,e4..
O	18233	AGENT_SCHED_LOCAL	slot=2	vc_frame=18379	target_frame=18381	n_bytes=11	bytes=15,00,00,00,00,b0,0d,e4..
O	18233	AGENT_RECV	slot=2	server_frame=18379	n_bytes=4	bytes=09,01,e6,0d
O	18233	AGENT_SCHED_LOCAL	slot=2	vc_frame=18379	target_frame=18381	n_bytes=4	bytes=09,01,e6,0d
O	18233	AGENT_RECV	slot=2	server_frame=18379	n_bytes=11	bytes=15,00,00,00,00,e6,0d,e4..
O	18233	AGENT_SCHED_LOCAL	slot=2	vc_frame=18379	target_frame=18381	n_bytes=11	bytes=15,00,00,00,00,e6,0d,e4..
O	18233	AGENT_RECV	slot=2	server_frame=18379	n_bytes=4	bytes=09,01,91,15
O	18233	AGENT_SCHED_LOCAL	slot=2	vc_frame=18379	target_frame=18381	n_bytes=4	bytes=09,01,91,15
O	18233	AGENT_RECV	slot=2	server_frame=18379	n_bytes=11	bytes=15,00,00,00,00,ae,0d,e4..
O	18233	AGENT_SCHED_LOCAL	slot=2	vc_frame=18379	target_frame=18381	n_bytes=11	bytes=15,00,00,00,00,ae,0d,e4..
O	18233	AGENT_RECV	slot=4	server_frame=18385	n_bytes=4	bytes=09,01,ed,0d
O	18233	AGENT_SCHED_LOCAL	slot=4	vc_frame=18385	target_frame=18387	n_bytes=4	bytes=09,01,ed,0d
O	18233	AGENT_RECV	slot=4	server_frame=18385	n_bytes=11	bytes=15,b4,00,ba,0d,00,00,e4..
O	18233	AGENT_SCHED_LOCAL	slot=4	vc_frame=18385	target_frame=18387	n_bytes=11	bytes=15,b4,00,ba,0d,00,00,e4..
O	18233	AGENT_RECV	slot=5	server_frame=18431	n_bytes=4	bytes=09,01,94,0d
O	18233	AGENT_SCHED_LOCAL	slot=5	vc_frame=18431	target_frame=18433	n_bytes=4	bytes=09,01,94,0d
O	18233	AGENT_RECV	slot=5	server_frame=18431	n_bytes=11	bytes=15,b6,02,c0,17,00,00,e4..
O	18233	AGENT_SCHED_LOCAL	slot=5	vc_frame=18431	target_frame=18433	n_bytes=11	bytes=15,b6,02,c0,17,00,00,e4..
O	18233	AGENT_RECV	slot=5	server_frame=18431	n_bytes=4	bytes=09,01,70,0d
O	18233	AGENT_SCHED_LOCAL	slot=5	vc_frame=18431	target_frame=18433	n_bytes=4	bytes=09,01,70,0d
O	18233	AGENT_RECV	slot=5	server_frame=18431	n_bytes=11	bytes=15,00,00,00,00,39,0e,e4..
O	18233	AGENT_SCHED_LOCAL	slot=5	vc_frame=18431	target_frame=18433	n_bytes=11	bytes=15,00,00,00,00,39,0e,e4..
O	18233	AGENT_RECV	slot=0	server_frame=18434	n_bytes=4	bytes=09,01,c5,15
O	18233	AGENT_SCHED_LOCAL	slot=0	vc_frame=18434	target_frame=18436	n_bytes=4	bytes=09,01,c5,15
O	18233	AGENT_RECV	slot=0	server_frame=18434	n_bytes=11	bytes=15,00,00,00,00,7a,0e,e4..
O	18233	AGENT_SCHED_LOCAL	slot=0	vc_frame=18434	target_frame=18436	n_bytes=11	bytes=15,00,00,00,00,7a,0e,e4..
O	18233	AGENT_RECV	slot=0	server_frame=18434	n_bytes=4	bytes=09,01,9b,0d
O	18233	AGENT_SCHED_LOCAL	slot=0	vc_frame=18434	target_frame=18436	n_bytes=4	bytes=09,01,9b,0d
O	18233	AGENT_RECV	slot=0	server_frame=18434	n_bytes=11	bytes=15,00,00,00,00,5f,0e,e4..
O	18233	AGENT_SCHED_LOCAL	slot=0	vc_frame=18434	target_frame=18436	n_bytes=11	bytes=15,00,00,00,00,5f,0e,e4..
O	18233	AGENT_RECV	slot=0	server_frame=18434	n_bytes=4	bytes=09,01,dd,0d
O	18233	AGENT_SCHED_LOCAL	slot=0	vc_frame=18434	target_frame=18436	n_bytes=4	bytes=09,01,dd,0d
O	18233	AGENT_RECV	slot=0	server_frame=18434	n_bytes=3	bytes=1f,40,00
O	18233	AGENT_SCHED_LOCAL	slot=0	vc_frame=18434	target_frame=18436	n_bytes=3	bytes=1f,40,00
O	18233	AGENT_RECV	slot=0	server_frame=18435	n_bytes=4	bytes=09,01,c9,15
O	18233	AGENT_SCHED_LOCAL	slot=0	vc_frame=18435	target_frame=18437	n_bytes=4	bytes=09,01,c9,15
O	18233	AGENT_RECV	slot=0	server_frame=18435	n_bytes=8	bytes=0c,1f,50,00,57,00,ab,00
O	18233	AGENT_SCHED_LOCAL	slot=0	vc_frame=18435	target_frame=18437	n_bytes=8	bytes=0c,1f,50,00,57,00,ab,00
O	18233	AGENT_RECV	slot=0	server_frame=18435	n_bytes=4	bytes=09,01,6f,0d
O	18233	AGENT_SCHED_LOCAL	slot=0	vc_frame=18435	target_frame=18437	n_bytes=4	bytes=09,01,6f,0d
O	18233	AGENT_RECV	slot=0	server_frame=18435	n_bytes=11	bytes=15,00,00,00,00,e6,0d,e4..
O	18233	AGENT_SCHED_LOCAL	slot=0	vc_frame=18435	target_frame=18437	n_bytes=11	bytes=15,00,00,00,00,e6,0d,e4..
O	18233	AGENT_RECV	slot=1	server_frame=18470	n_bytes=4	bytes=09,01,72,0d
O	18233	AGENT_SCHED_LOCAL	slot=1	vc_frame=18470	target_frame=18472	n_bytes=4	bytes=09,01,72,0d
O	18233	AGENT_RECV	slot=1	server_frame=18470	n_bytes=11	bytes=15,00,00,00,00,8a,0e,e4..
O	18233	AGENT_SCHED_LOCAL	slot=1	vc_frame=18470	target_frame=18472	n_bytes=11	bytes=15,00,00,00,00,8a,0e,e4..
O	18233	AGENT_RECV	slot=1	server_frame=18470	n_bytes=4	bytes=09,01,e2,0d
O	18233	AGENT_SCHED_LOCAL	slot=1	vc_frame=18470	target_frame=18472	n_bytes=4	bytes=09,01,e2,0d
O	18233	AGENT_RECV	slot=1	server_frame=18470	n_bytes=3	bytes=1f,40,00
O	18233	AGENT_SCHED_LOCAL	slot=1	vc_frame=18470	target_frame=18472	n_bytes=3	bytes=1f,40,00
O	18233	AGENT_RECV	slot=2	server_frame=18480	n_bytes=4	bytes=09,01,71,0d
O	18233	AGENT_SCHED_LOCAL	slot=2	vc_frame=18480	target_frame=18482	n_bytes=4	bytes=09,01,71,0d
O	18233	AGENT_RECV	slot=2	server_frame=18480	n_bytes=11	bytes=15,00,00,00,00,58,0e,e4..
O	18233	AGENT_SCHED_LOCAL	slot=2	vc_frame=18480	target_frame=18482	n_bytes=11	bytes=15,00,00,00,00,58,0e,e4..
O	18233	AGENT_RECV	slot=2	server_frame=18481	n_bytes=4	bytes=09,01,7e,0d
O	18233	AGENT_SCHED_LOCAL	slot=2	vc_frame=18481	target_frame=18483	n_bytes=4	bytes=09,01,7e,0d
O	18233	AGENT_RECV	slot=2	server_frame=18481	n_bytes=8	bytes=0c,1e,8a,00,5c,00,6d,00
O	18233	AGENT_SCHED_LOCAL	slot=2	vc_frame=18481	target_frame=18483	n_bytes=8	bytes=0c,1e,8a,00,5c,00,6d,00
O	18233	AGENT_RECV	slot=2	server_frame=18481	n_bytes=4	bytes=09,01,88,0d
O	18233	AGENT_SCHED_LOCAL	slot=2	vc_frame=18481	target_frame=18483	n_bytes=4	bytes=09,01,88,0d
O	18233	AGENT_RECV	slot=2	server_frame=18481	n_bytes=3	bytes=1f,00,00
O	18233	AGENT_SCHED_LOCAL	slot=2	vc_frame=18481	target_frame=18483	n_bytes=3	bytes=1f,00,00
O	18233	AGENT_RECV	slot=2	server_frame=18481	n_bytes=4	bytes=09,01,b0,0d
O	18233	AGENT_SCHED_LOCAL	slot=2	vc_frame=18481	target_frame=18483	n_bytes=4	bytes=09,01,b0,0d
O	18233	AGENT_RECV	slot=2	server_frame=18481	n_bytes=11	bytes=15,00,00,00,00,b0,0d,e4..
O	18233	AGENT_SCHED_LOCAL	slot=2	vc_frame=18481	target_frame=18483	n_bytes=11	bytes=15,00,00,00,00,b0,0d,e4..
O	18233	AGENT_RECV	slot=2	server_frame=18481	n_bytes=4	bytes=09,01,e6,0d
O	18233	AGENT_SCHED_LOCAL	slot=2	vc_frame=18481	target_frame=18483	n_bytes=4	bytes=09,01,e6,0d
O	18233	AGENT_RECV	slot=2	server_frame=18481	n_bytes=11	bytes=15,00,00,00,00,e6,0d,e4..
O	18233	AGENT_SCHED_LOCAL	slot=2	vc_frame=18481	target_frame=18483	n_bytes=11	bytes=15,00,00,00,00,e6,0d,e4..
O	18233	AGENT_RECV	slot=2	server_frame=18481	n_bytes=4	bytes=09,01,ef,15
O	18233	AGENT_SCHED_LOCAL	slot=2	vc_frame=18481	target_frame=18483	n_bytes=4	bytes=09,01,ef,15
O	18233	AGENT_RECV	slot=2	server_frame=18481	n_bytes=11	bytes=15,00,00,00,00,ae,0d,e4..
O	18233	AGENT_SCHED_LOCAL	slot=2	vc_frame=18481	target_frame=18483	n_bytes=11	bytes=15,00,00,00,00,ae,0d,e4..
O	18233	AGENT_RECV	slot=2	server_frame=18481	n_bytes=4	bytes=09,01,91,15
O	18233	AGENT_SCHED_LOCAL	slot=2	vc_frame=18481	target_frame=18483	n_bytes=4	bytes=09,01,91,15
O	18233	AGENT_RECV	slot=2	server_frame=18481	n_bytes=11	bytes=15,00,00,00,00,ae,0d,e4..
O	18233	AGENT_SCHED_LOCAL	slot=2	vc_frame=18481	target_frame=18483	n_bytes=11	bytes=15,00,00,00,00,ae,0d,e4..
O	18234	LCG_TICK	lcg=a5be6101
O	18234	TICK	sync_frame=18234	current_frame=18234	lcg=a5be6101	n=55,7,34,5,3,16,0,0,172	h0=cb48bc12	h1=7a4a751f	h2=41b09b21	h3=461eadbf	h4=768fbb06	h5=23418d1d	h6=811c9dc5	h7=811c9dc5	hN=002487d5	vcs=18435,18470,18481,-,18385,18431,-,-
O	18234	GAME_START	initial_rand=efd09251
O	18235	LCG_TICK	lcg=d344fe2f
O	18235	TICK	sync_frame=18235	current_frame=18235	lcg=d344fe2f	n=55,7,34,5,3,16,0,0,172	h0=d25d712b	h1=806376e4	h2=1955f377	h3=b5f46c01	h4=450b4206	h5=8287c101	h6=811c9dc5	h7=811c9dc5	hN=002487d5	vcs=18435,18470,18481,-,18385,18431,-,-
O	18236	LCG_TICK	lcg=b53153ed
O	18236	TICK	sync_frame=18236	current_frame=18236	lcg=b53153ed	n=55,7,33,5,3,16,0,0,172	h0=d3dab601	h1=ce97b121	h2=5284c571	h3=a0bd3f67	h4=55a84d06	h5=0ca0c672	h6=811c9dc5	h7=811c9dc5	hN=002487d5	vcs=18435,18470,18481,-,18385,18431,-,-
O	18237	LCG_TICK	lcg=f550b8f4
O	18237	TICK	sync_frame=18237	current_frame=18237	lcg=f550b8f4	n=55,7,33,5,3,16,0,0,172	h0=83fac388	h1=bcb4be2e	h2=a2b7259b	h3=640f078d	h4=052dab47	h5=f28cf6eb	h6=811c9dc5	h7=811c9dc5	hN=002487d5	vcs=18435,18470,18481,-,18385,18431,-,-
O	18238	LCG_TICK	lcg=5b85d631
O	18238	TICK	sync_frame=18238	current_frame=18238	lcg=5b85d631	n=55,7,33,5,3,16,0,0,172	h0=fcacceac	h1=409c8f24	h2=d4fb7223	h3=0369a527	h4=4756b718	h5=9c7fba00	h6=811c9dc5	h7=811c9dc5	hN=002487d5	vcs=18435,18470,18481,-,18385,18431,-,-
O	18239	LCG_TICK	lcg=96377a6b
O	18239	TICK	sync_frame=18239	current_frame=18239	lcg=96377a6b	n=55,7,33,5,3,16,0,0,172	h0=be17149d	h1=6c737a0a	h2=d590bea6	h3=002d4b41	h4=c872a041	h5=68be06db	h6=811c9dc5	h7=811c9dc5	hN=002487d5	vcs=18435,18470,18481,-,18385,18431,-,-
O	18240	LCG_TICK	lcg=0c9edd37
O	18240	TICK	sync_frame=18240	current_frame=18240	lcg=0c9edd37	n=55,7,33,5,3,16,0,0,172	h0=02b398ea	h1=d2ade661	h2=7a7f965e	h3=cd9eb98f	h4=b067d622	h5=0ebed623	h6=811c9dc5	h7=811c9dc5	hN=002487d5	vcs=18435,18470,18481,-,18385,18431,-,-
O	18241	LCG_TICK	lcg=2da62e43
O	18241	TICK	sync_frame=18241	current_frame=18241	lcg=2da62e43	n=55,7,33,5,3,16,0,0,172	h0=9f918f5d	h1=8d3b6c81	h2=fce0f094	h3=f2feef38	h4=8373f883	h5=401178c3	h6=811c9dc5	h7=811c9dc5	hN=002487d5	vcs=18435,18470,18481,-,18385,18431,-,-
O	18242	LCG_TICK	lcg=91fd998f
O	18242	TICK	sync_frame=18242	current_frame=18242	lcg=91fd998f	n=55,7,33,5,3,16,0,0,172	h0=af40f295	h1=9f87a948	h2=3942c340	h3=7555dd21	h4=a1727664	h5=dd992da5	h6=811c9dc5	h7=811c9dc5	hN=002487d5	vcs=18435,18470,18481,-,18385,18431,-,-
O	18243	LCG_TICK	lcg=09905c9c
O	18243	TICK	sync_frame=18243	current_frame=18243	lcg=09905c9c	n=55,7,33,5,3,16,0,0,172	h0=aee77031	h1=19c236b4	h2=d2cc4241	h3=58a4e59b	h4=f3a7ed8d	h5=67919dc2	h6=811c9dc5	h7=811c9dc5	hN=002487d5	vcs=18435,18470,18481,-,18385,18431,-,-
O	18244	LCG_TICK	lcg=aa40c9f2
O	18244	TICK	sync_frame=18244	current_frame=18244	lcg=aa40c9f2	n=55,7,33,5,3,16,0,0,172	h0=aabddf5d	h1=1cd2db71	h2=9a15e52d	h3=60efaa4d	h4=45cf661e	h5=cce266f0	h6=811c9dc5	h7=811c9dc5	hN=002487d5	vcs=18435,18470,18481,-,18385,18431,-,-
O	18245	LCG_TICK	lcg=324697d4
O	18245	TICK	sync_frame=18245	current_frame=18245	lcg=324697d4	n=55,7,33,5,3,16,0,0,172	h0=51eb0bc1	h1=adca0222	h2=7c913b7c	h3=6fb1193b	h4=405d6bcf	h5=ae1fa800	h6=811c9dc5	h7=811c9dc5	hN=002487d5	vcs=18435,18470,18481,-,18385,18431,-,-
O	18246	LCG_TICK	lcg=2ea1f0f3
O	18246	TICK	sync_frame=18246	current_frame=18246	lcg=2ea1f0f3	n=55,7,33,5,3,16,0,0,172	h0=8c7e1fb6	h1=81633d2e	h2=dcc27582	h3=7a9f09e1	h4=ba177649	h5=ba284c87	h6=811c9dc5	h7=811c9dc5	hN=002487d5	vcs=18435,18470,18481,-,18385,18431,-,-
O	18247	LCG_TICK	lcg=4c910806
O	18247	TICK	sync_frame=18247	current_frame=18247	lcg=4c910806	n=55,7,33,5,3,16,0,0,172	h0=b58b5b16	h1=6e1e7769	h2=efe3a58f	h3=8b4d04db	h4=c7d16bcf	h5=4045542f	h6=811c9dc5	h7=811c9dc5	hN=002487d5	vcs=18435,18470,18481,-,18385,18431,-,-
O	18248	LCG_TICK	lcg=6ac281e2
O	18248	TICK	sync_frame=18248	current_frame=18248	lcg=6ac281e2	n=55,7,33,5,3,16,0,0,172	h0=48360647	h1=763802a3	h2=b9984f4a	h3=350bbf88	h4=97addff2	h5=715cc052	h6=811c9dc5	h7=811c9dc5	hN=002487d5	vcs=18435,18470,18481,-,18385,18431,-,-
O	18249	LCG_TICK	lcg=2acd6497
O	18249	TICK	sync_frame=18249	current_frame=18249	lcg=2acd6497	n=55,7,33,5,3,16,0,0,172	h0=d5ed7a39	h1=b1937745	h2=d69d98b8	h3=d7ce1750	h4=20aea9e8	h5=bc828283	h6=811c9dc5	h7=811c9dc5	hN=002487d5	vcs=18435,18470,18481,-,18385,18431,-,-
O	18250	LCG_TICK	lcg=4696cec0
O	18250	TICK	sync_frame=18250	current_frame=18250	lcg=4696cec0	n=55,7,33,5,3,16,0,0,172	h0=1d401a54	h1=ac00bc56	h2=cf494591	h3=97c2bb45	h4=6615c822	h5=bd2d0d43	h6=811c9dc5	h7=811c9dc5	hN=002487d5	vcs=18435,18470,18481,-,18385,18431,-,-
O	18251	LCG_TICK	lcg=c0d6977c
O	18251	TICK	sync_frame=18251	current_frame=18251	lcg=c0d6977c	n=55,7,33,5,3,16,0,0,172	h0=371a0256	h1=fafe7d89	h2=1c56bfd3	h3=6ff78fea	h4=db06e440	h5=7e3eb857	h6=811c9dc5	h7=811c9dc5	hN=002487d5	vcs=18435,18470,18481,-,18385,18431,-,-
O	18252	LCG_TICK	lcg=0c2d24ad
O	18252	TICK	sync_frame=18252	current_frame=18252	lcg=0c2d24ad	n=55,7,33,5,3,16,0,0,172	h0=ff64805b	h1=b57ca9ff	h2=adc87ca2	h3=461eadbf	h4=57f760c2	h5=2ba8776a	h6=811c9dc5	h7=811c9dc5	hN=002487d5	vcs=18435,18470,18481,-,18385,18431,-,-
O	18253	LCG_TICK	lcg=d8574dd2
O	18253	TICK	sync_frame=18253	current_frame=18253	lcg=d8574dd2	n=55,7,33,5,3,16,0,0,172	h0=b7b72d81	h1=1297c3db	h2=26480ba6	h3=b5f46c01	h4=5b93ce21	h5=2b9a7406	h6=811c9dc5	h7=811c9dc5	hN=002487d5	vcs=18435,18470,18481,-,18385,18431,-,-
O	18254	LCG_TICK	lcg=19398b78
O	18254	TICK	sync_frame=18254	current_frame=18254	lcg=19398b78	n=55,7,33,5,3,16,0,0,172	h0=5356ca55	h1=899a730e	h2=8fd1f436	h3=a0bd3f67	h4=34cd2bb6	h5=8ff19c4c	h6=811c9dc5	h7=811c9dc5	hN=002487d5	vcs=18435,18470,18481,-,18385,18431,-,-
O	18255	LCG_TICK	lcg=31ed45ee
O	18255	TICK	sync_frame=18255	current_frame=18255	lcg=31ed45ee	n=55,7,33,5,3,16,0,0,172	h0=33f7235e	h1=9aad17c1	h2=a4b42fb5	h3=640f078d	h4=c3907a7e	h5=33a141d6	h6=811c9dc5	h7=811c9dc5	hN=002487d5	vcs=18435,18470,18481,-,18385,18431,-,-
O	18256	LCG_TICK	lcg=c7267b45
O	18256	TICK	sync_frame=18256	current_frame=18256	lcg=c7267b45	n=55,7,33,5,3,16,0,0,172	h0=21e48fb3	h1=16e85e0f	h2=e8f70df1	h3=0369a527	h4=a80c6020	h5=97ec739e	h6=811c9dc5	h7=811c9dc5	hN=002487d5	vcs=18435,18470,18481,-,18385,18431,-,-
O	18257	LCG_TICK	lcg=9146709f
O	18257	TICK	sync_frame=18257	current_frame=18257	lcg=9146709f	n=55,7,34,5,3,16,0,0,172	h0=a81e6541	h1=993f204e	h2=e813f493	h3=002d4b41	h4=97756a81	h5=7e484825	h6=811c9dc5	h7=811c9dc5	hN=002487d5	vcs=18435,18470,18481,-,18385,18431,-,-
O	18258	LCG_TICK	lcg=48cc952b
O	18258	TICK	sync_frame=18258	current_frame=18258	lcg=48cc952b	n=55,7,34,5,3,16,0,0,172	h0=4954041d	h1=debe44e6	h2=391197ac	h3=cd9eb98f	h4=bfe97621	h5=9bd6a164	h6=811c9dc5	h7=811c9dc5	hN=002487d5	vcs=18435,18470,18481,-,18385,18431,-,-
O	18259	LCG_TICK	lcg=b4a37bf7
O	18259	TICK	sync_frame=18259	current_frame=18259	lcg=b4a37bf7	n=55,7,34,5,3,17,0,0,172	h0=e7a00fb1	h1=4634bea6	h2=f0d03a19	h3=f2feef38	h4=5724ff83	h5=f5b10df6	h6=811c9dc5	h7=811c9dc5	hN=002487d5	vcs=18435,18470,18481,-,18385,18431,-,-
O	18260	LCG_TICK	lcg=de0f153a
O	18260	TICK	sync_frame=18260	current_frame=18260	lcg=de0f153a	n=55,7,34,5,3,16,0,0,172	h0=6eed17ca	h1=0d63abbf	h2=8fbacb42	h3=7555dd21	h4=2198b164	h5=2aac651f	h6=811c9dc5	h7=811c9dc5	hN=002487d5	vcs=18435,18470,18481,-,18385,18431,-,-
O	18261	LCG_TICK	lcg=9dc5a0d6
O	18261	TICK	sync_frame=18261	current_frame=18261	lcg=9dc5a0d6	n=56,7,34,5,3,16,0,0,172	h0=84b1332a	h1=d2b91920	h2=e31f8da8	h3=58a4e59b	h4=8f035a8d	h5=42f7d8a6	h6=811c9dc5	h7=811c9dc5	hN=002487d5	vcs=18435,18470,18481,-,18385,18431,-,-
O	18262	LCG_TICK	lcg=9dc5a0d6
O	18262	TICK	sync_frame=18262	current_frame=18262	lcg=9dc5a0d6	n=55,7,34,5,3,16,0,0,172	h0=7f0ad097	h1=922cd5b1	h2=2744a9c9	h3=60efaa4d	h4=2995f31e	h5=e4c9153f	h6=811c9dc5	h7=811c9dc5	hN=002487d5	vcs=18435,18470,18481,-,18385,18431,-,-
O	18263	LCG_TICK	lcg=4227804f
O	18263	TICK	sync_frame=18263	current_frame=18263	lcg=4227804f	n=55,7,34,5,3,16,0,0,172	h0=940d917e	h1=8694250e	h2=e16bdcd5	h3=6fb1193b	h4=1066d7cf	h5=992b04d7	h6=811c9dc5	h7=811c9dc5	hN=002487d5	vcs=18435,18470,18481,-,18385,18431,-,-
O	18264	LCG_TICK	lcg=dc38a50d
O	18264	TICK	sync_frame=18264	current_frame=18264	lcg=dc38a50d	n=55,7,34,5,3,16,0,0,172	h0=cfc152ad	h1=3e82496e	h2=fa71f8a4	h3=7a9f09e1	h4=9064cd00	h5=354a8ad1	h6=811c9dc5	h7=811c9dc5	hN=002487d5	vcs=18435,18470,18481,-,18385,18431,-,-
O	18265	LCG_TICK	lcg=1982e058
O	18265	TICK	sync_frame=18265	current_frame=18265	lcg=1982e058	n=55,7,34,5,3,16,0,0,172	h0=a89be178	h1=86db94f6	h2=15af89d8	h3=8b4d04db	h4=0b293b89	h5=9da97e9d	h6=811c9dc5	h7=811c9dc5	hN=002487d5	vcs=18435,18470,18481,-,18385,18431,-,-
O	18266	LCG_TICK	lcg=76e8c594
O	18266	TICK	sync_frame=18266	current_frame=18266	lcg=76e8c594	n=55,7,34,5,3,16,0,0,172	h0=c0fa7248	h1=ea43c9b9	h2=1cd0abe3	h3=350bbf88	h4=88812b6a	h5=881fa5d2	h6=811c9dc5	h7=811c9dc5	hN=002487d5	vcs=18435,18470,18481,-,18385,18431,-,-
O	18267	LCG_TICK	lcg=77c86951
O	18267	TICK	sync_frame=18267	current_frame=18267	lcg=77c86951	n=55,7,34,5,3,16,0,0,172	h0=b321108f	h1=faebbeef	h2=71a1b648	h3=d7ce1750	h4=95621e6b	h5=ebf1f9f6	h6=811c9dc5	h7=811c9dc5	hN=002487d5	vcs=18435,18470,18481,-,18385,18431,-,-
O	18268	LCG_TICK	lcg=340e7bc6
O	18268	TICK	sync_frame=18268	current_frame=18268	lcg=340e7bc6	n=55,7,34,5,3,16,0,0,172	h0=910e2ce2	h1=7bb0aa90	h2=7699341b	h3=97c2bb45	h4=35c94e4c	h5=ad2100dc	h6=811c9dc5	h7=811c9dc5	hN=002487d5	vcs=18435,18470,18481,-,18385,18431,-,-
O	18269	LCG_TICK	lcg=11f535cc
O	18269	TICK	sync_frame=18269	current_frame=18269	lcg=11f535cc	n=55,7,34,5,3,16,0,0,172	h0=422339be	h1=521b1f35	h2=65328134	h3=6ff78fea	h4=7076eed5	h5=215975f5	h6=811c9dc5	h7=811c9dc5	hN=002487d5	vcs=18435,18470,18481,-,18385,18431,-,-
O	18270	AGENT_RECV	slot=5	server_frame=18532	n_bytes=4	bytes=09,01,94,0d
O	18270	AGENT_SCHED_LOCAL	slot=5	vc_frame=18532	target_frame=18534	n_bytes=4	bytes=09,01,94,0d
O	18270	AGENT_RECV	slot=5	server_frame=18532	n_bytes=11	bytes=15,40,00,c0,17,00,00,e4..
O	18270	AGENT_SCHED_LOCAL	slot=5	vc_frame=18532	target_frame=18534	n_bytes=11	bytes=15,40,00,c0,17,00,00,e4..
O	18270	AGENT_RECV	slot=5	server_frame=18532	n_bytes=4	bytes=09,01,70,0d
O	18270	AGENT_SCHED_LOCAL	slot=5	vc_frame=18532	target_frame=18534	n_bytes=4	bytes=09,01,70,0d
O	18270	AGENT_RECV	slot=5	server_frame=18532	n_bytes=11	bytes=15,00,00,00,00,39,0e,e4..
O	18270	AGENT_SCHED_LOCAL	slot=5	vc_frame=18532	target_frame=18534	n_bytes=11	bytes=15,00,00,00,00,39,0e,e4..
O	18270	AGENT_RECV	slot=5	server_frame=18532	n_bytes=4	bytes=09,01,f6,0d
O	18270	AGENT_SCHED_LOCAL	slot=5	vc_frame=18532	target_frame=18534	n_bytes=4	bytes=09,01,f6,0d
O	18270	AGENT_RECV	slot=5	server_frame=18532	n_bytes=3	bytes=1f,07,00
O	18270	AGENT_SCHED_LOCAL	slot=5	vc_frame=18532	target_frame=18534	n_bytes=3	bytes=1f,07,00
O	18270	AGENT_APPLY	slot=1	sim_frame=18269	target_frame=18270	vc_frame=18470	lcg=11f535cc	n_bytes=4	bytes=09,01,de,0d
O	18270	AGENT_APPLY	slot=1	sim_frame=18269	target_frame=18270	vc_frame=18470	lcg=11f535cc	n_bytes=11	bytes=15,d4,06,fd,0b,00,00,e4..
O	18270	AGENT_APPLY	slot=1	sim_frame=18269	target_frame=18270	vc_frame=18470	lcg=11f535cc	n_bytes=4	bytes=09,01,72,0d
O	18270	AGENT_APPLY	slot=1	sim_frame=18269	target_frame=18270	vc_frame=18470	lcg=11f535cc	n_bytes=11	bytes=15,00,00,00,00,8a,0e,e4..
O	18270	LCG_TICK	lcg=19f9b169
O	18270	TICK	sync_frame=18270	current_frame=18270	lcg=19f9b169	n=55,7,34,5,3,16,0,0,172	h0=e153fcf0	h1=7c544d66	h2=9a7271e4	h3=461eadbf	h4=d6676206	h5=7f3a5d9a	h6=811c9dc5	h7=811c9dc5	hN=002487d5	vcs=18435,18470,18481,-,18385,18532,-,-
O	18271	LCG_TICK	lcg=f6392357
O	18271	TICK	sync_frame=18271	current_frame=18271	lcg=f6392357	n=55,7,34,5,3,16,0,0,172	h0=0729165b	h1=be1150ca	h2=98d4fa75	h3=b5f46c01	h4=fed1bd06	h5=adee62e6	h6=811c9dc5	h7=811c9dc5	hN=002487d5	vcs=18435,18470,18481,-,18385,18532,-,-
O	18272	LCG_TICK	lcg=5f64e7d5
O	18272	TICK	sync_frame=18272	current_frame=18272	lcg=5f64e7d5	n=55,7,35,5,3,16,0,0,172	h0=ab798015	h1=437d65b7	h2=00812f22	h3=a0bd3f67	h4=88315106	h5=7202b2ae	h6=811c9dc5	h7=811c9dc5	hN=002487d5	vcs=18435,18470,18481,-,18385,18532,-,-
O	18273	LCG_TICK	lcg=5f64e7d5
O	18273	TICK	sync_frame=18273	current_frame=18273	lcg=5f64e7d5	n=55,7,35,5,3,16,0,0,172	h0=f23069cf	h1=e5b219d8	h2=915c6f53	h3=640f078d	h4=b7f44747	h5=8ec5f4a3	h6=811c9dc5	h7=811c9dc5	hN=002487d5	vcs=18435,18470,18481,-,18385,18532,-,-
O	18274	AGENT_RECV	slot=0	server_frame=18536	n_bytes=4	bytes=09,01,c5,15
O	18274	AGENT_SCHED_LOCAL	slot=0	vc_frame=18536	target_frame=18538	n_bytes=4	bytes=09,01,c5,15
O	18274	AGENT_RECV	slot=0	server_frame=18536	n_bytes=11	bytes=15,00,00,00,00,7a,0e,e4..
O	18274	AGENT_SCHED_LOCAL	slot=0	vc_frame=18536	target_frame=18538	n_bytes=11	bytes=15,00,00,00,00,7a,0e,e4..
O	18274	LCG_TICK	lcg=8a67e080
O	18274	TICK	sync_frame=18274	current_frame=18274	lcg=8a67e080	n=55,7,35,5,3,16,0,0,172	h0=56fa3700	h1=0524d5be	h2=37815d1e	h3=0369a527	h4=49e28b18	h5=d44bdc30	h6=811c9dc5	h7=811c9dc5	hN=002487d5	vcs=18536,18470,18481,-,18385,18532,-,-
O	18275	AGENT_RECV	slot=0	server_frame=18536	n_bytes=4	bytes=09,01,ee,15
O	18275	AGENT_SCHED_LOCAL	slot=0	vc_frame=18536	target_frame=18538	n_bytes=4	bytes=09,01,ee,15
O	18275	LCG_TICK	lcg=48354592
O	18275	TICK	sync_frame=18275	current_frame=18275	lcg=48354592	n=55,7,35,5,3,16,0,0,172	h0=8e6c7e87	h1=01e4ff5c	h2=4ef22ff4	h3=002d4b41	h4=2436da41	h5=c0e91015	h6=811c9dc5	h7=811c9dc5	hN=002487d5	vcs=18536,18470,18481,-,18385,18532,-,-
O	18276	AGENT_RECV	slot=0	server_frame=18536	n_bytes=11	bytes=15,00,00,00,00,6a,0e,e4..
O	18276	AGENT_SCHED_LOCAL	slot=0	vc_frame=18536	target_frame=18538	n_bytes=11	bytes=15,00,00,00,00,6a,0e,e4..
O	18276	AGENT_RECV	slot=0	server_frame=18537	n_bytes=4	bytes=09,01,82,0d
O	18276	AGENT_SCHED_LOCAL	slot=0	vc_frame=18537	target_frame=18539	n_bytes=4	bytes=09,01,82,0d
O	18276	AGENT_RECV	slot=0	server_frame=18537	n_bytes=8	bytes=0c,1f,45,00,4e,00,9b,00
O	18276	AGENT_SCHED_LOCAL	slot=0	vc_frame=18537	target_frame=18539	n_bytes=8	bytes=0c,1f,45,00,4e,00,9b,00
O	18276	AGENT_RECV	slot=0	server_frame=18537	n_bytes=4	bytes=09,01,6f,0d
O	18276	AGENT_SCHED_LOCAL	slot=0	vc_frame=18537	target_frame=18539	n_bytes=4	bytes=09,01,6f,0d
O	18276	AGENT_RECV	slot=0	server_frame=18537	n_bytes=11	bytes=15,00,00,00,00,e6,0d,e4..
O	18276	AGENT_SCHED_LOCAL	slot=0	vc_frame=18537	target_frame=18539	n_bytes=11	bytes=15,00,00,00,00,e6,0d,e4..
O	18276	LCG_TICK	lcg=88ea2499
O	18276	TICK	sync_frame=18276	current_frame=18276	lcg=88ea2499	n=55,7,35,5,3,16,0,0,172	h0=caa4f088	h1=0df42b27	h2=17471384	h3=cd9eb98f	h4=8db12a22	h5=e87e7953	h6=811c9dc5	h7=811c9dc5	hN=002487d5	vcs=18537,18470,18481,-,18385,18532,-,-
O	18277	LCG_TICK	lcg=88ea2499
O	18277	TICK	sync_frame=18277	current_frame=18277	lcg=88ea2499	n=55,7,35,5,3,16,0,0,172	h0=4c15ba7e	h1=f59542f3	h2=917035a8	h3=f2feef38	h4=bccf1a83	h5=45220c4b	h6=811c9dc5	h7=811c9dc5	hN=002487d5	vcs=18537,18470,18481,-,18385,18532,-,-
O	18278	LCG_TICK	lcg=88ea2499
O	18278	TICK	sync_frame=18278	current_frame=18278	lcg=88ea2499	n=55,7,35,5,3,16,0,0,172	h0=1fc7d40b	h1=c6a503e0	h2=d3d23a75	h3=7555dd21	h4=df104264	h5=c3ef3ed0	h6=811c9dc5	h7=811c9dc5	hN=002487d5	vcs=18537,18470,18481,-,18385,18532,-,-
O	18279	AGENT_APPLY	slot=2	sim_frame=18278	target_frame=18279	vc_frame=18481	lcg=88ea2499	n_bytes=4	bytes=09,01,75,0d
O	18279	AGENT_APPLY	slot=2	sim_frame=18278	target_frame=18279	vc_frame=18481	lcg=88ea2499	n_bytes=11	bytes=15,80,17,80,00,00,00,e4..
O	18279	AGENT_APPLY	slot=2	sim_frame=18278	target_frame=18279	vc_frame=18481	lcg=88ea2499	n_bytes=4	bytes=09,01,8e,0d
O	18279	AGENT_APPLY	slot=2	sim_frame=18278	target_frame=18279	vc_frame=18481	lcg=88ea2499	n_bytes=11	bytes=15,00,00,00,00,63,0e,e4..
O	18279	AGENT_APPLY	slot=2	sim_frame=18278	target_frame=18279	vc_frame=18481	lcg=88ea2499	n_bytes=4	bytes=09,01,e7,0d
O	18279	AGENT_APPLY	slot=2	sim_frame=18278	target_frame=18279	vc_frame=18481	lcg=88ea2499	n_bytes=3	bytes=1f,07,00
O	18279	LCG_TICK	lcg=ec909405
O	18279	TICK	sync_frame=18279	current_frame=18279	lcg=ec909405	n=55,7,35,5,3,16,0,0,172	h0=74552831	h1=7bccd433	h2=adeea17f	h3=58a4e59b	h4=3a640b8d	h5=64257fe4	h6=811c9dc5	h7=811c9dc5	hN=002487d5	vcs=18537,18470,18481,-,18385,18532,-,-
O	18280	AGENT_APPLY	slot=2	sim_frame=18279	target_frame=18280	vc_frame=18481	lcg=ec909405	n_bytes=4	bytes=09,01,86,0d
O	18280	AGENT_APPLY	slot=2	sim_frame=18279	target_frame=18280	vc_frame=18481	lcg=ec909405	n_bytes=8	bytes=0c,1e,b9,00,56,00,7b,00
O	18280	AGENT_APPLY	slot=2	sim_frame=18279	target_frame=18280	vc_frame=18481	lcg=ec909405	n_bytes=4	bytes=09,01,95,0d
O	18280	AGENT_APPLY	slot=2	sim_frame=18279	target_frame=18280	vc_frame=18481	lcg=ec909405	n_bytes=11	bytes=15,00,00,00,00,b0,0d,e4..
O	18280	AGENT_APPLY	slot=2	sim_frame=18279	target_frame=18280	vc_frame=18481	lcg=ec909405	n_bytes=4	bytes=09,01,e6,0d
O	18280	AGENT_APPLY	slot=2	sim_frame=18279	target_frame=18280	vc_frame=18481	lcg=ec909405	n_bytes=11	bytes=15,00,00,00,00,e6,0d,e4..
O	18280	AGENT_APPLY	slot=2	sim_frame=18279	target_frame=18280	vc_frame=18481	lcg=ec909405	n_bytes=4	bytes=09,01,91,15
O	18280	AGENT_APPLY	slot=2	sim_frame=18279	target_frame=18280	vc_frame=18481	lcg=ec909405	n_bytes=11	bytes=15,00,00,00,00,d4,0d,e4..
O	18280	LCG_TICK	lcg=477bf513
O	18280	TICK	sync_frame=18280	current_frame=18280	lcg=477bf513	n=55,7,35,5,3,16,0,0,172	h0=52251f68	h1=3b6d1fbb	h2=d1a5427c	h3=60efaa4d	h4=808e421e	h5=75ffa591	h6=811c9dc5	h7=811c9dc5	hN=002487d5	vcs=18537,18470,18481,-,18385,18532,-,-
O	18281	LCG_TICK	lcg=be9d2da6
O	18281	TICK	sync_frame=18281	current_frame=18281	lcg=be9d2da6	n=55,7,34,5,3,16,0,0,172	h0=b7f7dce9	h1=d77df689	h2=aa906374	h3=6fb1193b	h4=dcd992cf	h5=d4a0f213	h6=811c9dc5	h7=811c9dc5	hN=002487d5	vcs=18537,18470,18481,-,18385,18532,-,-
O	18282	LCG_TICK	lcg=0ccf075f
O	18282	TICK	sync_frame=18282	current_frame=18282	lcg=0ccf075f	n=55,7,34,5,3,16,0,0,172	h0=0acd6a68	h1=2a5c7492	h2=0c59fad8	h3=7a9f09e1	h4=37817e00	h5=36fb59f0	h6=811c9dc5	h7=811c9dc5	hN=002487d5	vcs=18537,18470,18481,-,18385,18532,-,-
O	18283	LCG_TICK	lcg=0ccf075f
O	18283	TICK	sync_frame=18283	current_frame=18283	lcg=0ccf075f	n=55,7,34,5,3,16,0,0,172	h0=11f4eca8	h1=6878cf13	h2=46be6047	h3=8b4d04db	h4=87974a89	h5=a7a1c695	h6=811c9dc5	h7=811c9dc5	hN=002487d5	vcs=18537,18470,18481,-,18385,18532,-,-
O	18284	LCG_TICK	lcg=ef73efeb
O	18284	TICK	sync_frame=18284	current_frame=18284	lcg=ef73efeb	n=55,7,34,5,3,16,0,0,172	h0=61430bba	h1=7273df21	h2=bdad2a4d	h3=350bbf88	h4=467c3a6a	h5=150e14b4	h6=811c9dc5	h7=811c9dc5	hN=002487d5	vcs=18537,18470,18481,-,18385,18532,-,-
O	18285	LCG_TICK	lcg=b86a89e4
O	18285	TICK	sync_frame=18285	current_frame=18285	lcg=b86a89e4	n=55,7,34,5,3,16,0,0,172	h0=e147b639	h1=3fb21d6d	h2=915f2214	h3=d7ce1750	h4=babd566b	h5=374bce6b	h6=811c9dc5	h7=811c9dc5	hN=002487d5	vcs=18537,18470,18481,-,18385,18532,-,-
O	18286	LCG_TICK	lcg=151228e1
O	18286	TICK	sync_frame=18286	current_frame=18286	lcg=151228e1	n=55,7,34,5,3,16,0,0,172	h0=11c24699	h1=1e6a0aeb	h2=ff8996bc	h3=97c2bb45	h4=4628364c	h5=8e149739	h6=811c9dc5	h7=811c9dc5	hN=002487d5	vcs=18537,18470,18481,-,18385,18532,-,-
O	18287	LCG_TICK	lcg=9be7a70f
O	18287	TICK	sync_frame=18287	current_frame=18287	lcg=9be7a70f	n=55,7,34,5,3,16,0,0,172	h0=b639377b	h1=ecc2621e	h2=eda74c07	h3=6ff78fea	h4=4ac9d6d5	h5=a0079ea0	h6=811c9dc5	h7=811c9dc5	hN=002487d5	vcs=18537,18470,18481,-,18385,18532,-,-
O	18288	LCG_TICK	lcg=a622281c
O	18288	TICK	sync_frame=18288	current_frame=18288	lcg=a622281c	n=55,7,34,5,3,16,0,0,172	h0=bcdb5901	h1=f19dd3b4	h2=434161fc	h3=461eadbf	h4=b366aa06	h5=8bccf14b	h6=811c9dc5	h7=811c9dc5	hN=002487d5	vcs=18537,18470,18481,-,18385,18532,-,-
O	18289	LCG_TICK	lcg=3a6cb972
O	18289	TICK	sync_frame=18289	current_frame=18289	lcg=3a6cb972	n=55,7,34,5,3,16,0,0,172	h0=c24e4f11	h1=b92af170	h2=cd53e4e5	h3=b5f46c01	h4=fafee506	h5=889678f1	h6=811c9dc5	h7=811c9dc5	hN=002487d5	vcs=18537,18470,18481,-,18385,18532,-,-
O	18290	LCG_TICK	lcg=75979f8e
O	18290	TICK	sync_frame=18290	current_frame=18290	lcg=75979f8e	n=55,7,34,5,3,16,0,0,172	h0=13b206ed	h1=65eaec11	h2=c1559a6d	h3=a0bd3f67	h4=29023406	h5=f7f177fd	h6=811c9dc5	h7=811c9dc5	hN=002487d5	vcs=18537,18470,18481,-,18385,18532,-,-
O	18291	LCG_TICK	lcg=b19e3354
O	18291	TICK	sync_frame=18291	current_frame=18291	lcg=b19e3354	n=55,7,34,5,3,16,0,0,172	h0=b327e8bc	h1=3019642c	h2=f79f1887	h3=640f078d	h4=da2ac847	h5=23af07b8	h6=811c9dc5	h7=811c9dc5	hN=002487d5	vcs=18537,18470,18481,-,18385,18532,-,-
O	18292	LCG_TICK	lcg=58ec3865
O	18292	TICK	sync_frame=18292	current_frame=18292	lcg=58ec3865	n=55,7,34,5,3,16,0,0,172	h0=35040928	h1=e67a3795	h2=af76cd59	h3=0369a527	h4=91c18818	h5=39a4e9d1	h6=811c9dc5	h7=811c9dc5	hN=002487d5	vcs=18537,18470,18481,-,18385,18532,-,-
O	18293	LCG_TICK	lcg=a0ccafd0
O	18293	TICK	sync_frame=18293	current_frame=18293	lcg=a0ccafd0	n=55,7,34,5,3,16,0,0,172	h0=c7880061	h1=d56e0bb2	h2=6e845585	h3=002d4b41	h4=24c96941	h5=c329a54d	h6=811c9dc5	h7=811c9dc5	hN=002487d5	vcs=18537,18470,18481,-,18385,18532,-,-
O	18294	LCG_TICK	lcg=32cb1162
O	18294	TICK	sync_frame=18294	current_frame=18294	lcg=32cb1162	n=55,7,34,5,3,16,0,0,172	h0=ea377514	h1=927972a9	h2=d1803032	h3=cd9eb98f	h4=714d5322	h5=a47e4df2	h6=811c9dc5	h7=811c9dc5	hN=002487d5	vcs=18537,18470,18481,-,18385,18532,-,-
O	18295	LCG_TICK	lcg=2b659629
O	18295	TICK	sync_frame=18295	current_frame=18295	lcg=2b659629	n=55,7,34,5,3,16,0,0,172	h0=ffc3b9e2	h1=48fe633c	h2=3b8dd0be	h3=f2feef38	h4=48a19983	h5=1c20e05f	h6=811c9dc5	h7=811c9dc5	hN=002487d5	vcs=18537,18470,18481,-,18385,18532,-,-
O	18296	LCG_TICK	lcg=e332947e
O	18296	TICK	sync_frame=18296	current_frame=18296	lcg=e332947e	n=55,7,34,5,3,17,0,0,172	h0=ae55fb9e	h1=13b4d18f	h2=1815c53e	h3=7555dd21	h4=b9867364	h5=8fc5cbd5	h6=811c9dc5	h7=811c9dc5	hN=002487d5	vcs=18537,18470,18481,-,18385,18532,-,-
O	18297	LCG_TICK	lcg=25032217
O	18297	TICK	sync_frame=18297	current_frame=18297	lcg=25032217	n=55,7,34,5,3,16,0,0,172	h0=c5a9ab2d	h1=7b25e043	h2=aa1d8fd1	h3=58a4e59b	h4=74d23c8d	h5=cba33bf9	h6=811c9dc5	h7=811c9dc5	hN=002487d5	vcs=18537,18470,18481,-,18385,18532,-,-
O	18298	LCG_TICK	lcg=25032217
O	18298	TICK	sync_frame=18298	current_frame=18298	lcg=25032217	n=56,7,34,5,3,16,0,0,172	h0=d0155b68	h1=d7ebed7c	h2=a9a8c02a	h3=60efaa4d	h4=0fab5a1e	h5=7527fec2	h6=811c9dc5	h7=811c9dc5	hN=002487d5	vcs=18537,18470,18481,-,18385,18532,-,-
O	18299	LCG_TICK	lcg=b11f10c4
O	18299	TICK	sync_frame=18299	current_frame=18299	lcg=b11f10c4	n=55,7,34,5,3,16,0,0,172	h0=6e5435e2	h1=d069f865	h2=8bbbd997	h3=6fb1193b	h4=e192222e	h5=136c0bea	h6=811c9dc5	h7=811c9dc5	hN=002487d5	vcs=18537,18470,18481,-,18385,18532,-,-
O	18300	LCG_TICK	lcg=92d374da
O	18300	TICK	sync_frame=18300	current_frame=18300	lcg=92d374da	n=55,7,34,5,3,16,0,0,172	h0=62dd3acd	h1=408644a9	h2=1eaac4e6	h3=7a9f09e1	h4=d3145656	h5=68e8772a	h6=811c9dc5	h7=811c9dc5	hN=002487d5	vcs=18537,18470,18481,-,18385,18532,-,-
O	18300	INVENTORY	slot=0	min=672	gas=1612	lcg=92d374da	completed=64:33,65:6,66:2,154:1,156:5,157:1,160:1,162:1,163:1,164:1,166:1,167:1,169:1,172:1	in_progress=
O	18300	INVENTORY	slot=1	min=74	gas=0	lcg=92d374da	completed=64:6,154:1	in_progress=64:1
